customer_state,primary_category_en,order_volume,pct_late,avg_review_late,avg_review_on_time,review_penalty,priority_score
AL,auto,21,0.19047619047619047,1.6666666666666667,4.294117647058823,2.6274509803921564,0.3639320728291316
AL,bed_bath_table,18,0.16666666666666666,1.0,3.6666666666666665,2.6666666666666665,0.3478273809523809
AL,computers_accessories,32,0.15625,3.4,4.148148148148148,0.748148148148148,0.18629960317460315
AL,cool_stuff,15,0.0,,4.4,0.0,0.0
AL,furniture_decor,24,0.20833333333333334,1.6,4.105263157894737,2.505263157894737,0.3686074561403509
AL,health_beauty,62,0.3064516129032258,2.1052631578947367,4.465116279069767,2.3598531211750307,0.43805623359160595
AL,sports_leisure,31,0.12903225806451613,2.0,4.37037037037037,2.3703703703703702,0.2948131080389145
AL,telephony,25,0.28,2.7142857142857144,4.111111111111111,1.3968253968253963,0.3369393424036281
AL,watches_gifts,34,0.20588235294117646,2.857142857142857,4.592592592592593,1.7354497354497354,0.3054811091103108
AM,health_beauty,15,0.0,,4.466666666666667,0.0,0.0
BA,auto,145,0.1793103448275862,2.36,3.9327731092436973,1.5727731092436974,0.2788596070612153
BA,baby,92,0.15217391304347827,2.5384615384615383,4.0,1.4615384615384617,0.24453140760205982
BA,bed_bath_table,214,0.1542056074766355,2.3225806451612905,4.078651685393258,1.756071040231968,0.2782967818729645
BA,computers,19,0.10526315789473684,3.0,4.529411764705882,1.5294117647058822,0.20738746375743278
BA,computers_accessories,214,0.08878504672897196,2.6315789473684212,4.21025641025641,1.5786774628879892,0.21170549223826401
BA,consoles_games,31,0.1935483870967742,3.0,4.24,1.2400000000000002,0.2555926779313876
BA,construction_tools_construction,25,0.08,2.0,4.0,2.0,0.22540873015873014
BA,cool_stuff,132,0.08333333333333333,2.272727272727273,4.256198347107438,1.9834710743801653,0.2341777351436442
BA,electronics,97,0.12371134020618557,2.75,4.317647058823529,1.5676470588235292,0.23063515526485506
BA,fashion_bags_accessories,69,0.10144927536231885,2.2857142857142856,4.306451612903226,2.0207373271889404,0.24729009836753776
BA,furniture_decor,196,0.1836734693877551,2.4444444444444446,4.232704402515723,1.7882599580712784,0.30320768087109057
BA,furniture_living_room,17,0.058823529411764705,5.0,3.8125,0.0,0.047197712418300654
BA,garden_tools,142,0.13380281690140844,1.4736842105263157,4.24793388429752,2.7742496737712043,0.3387924753221858
BA,health_beauty,319,0.16927899686520376,2.8076923076923075,4.132075471698113,1.3243831640058055,0.2629579557108835
BA,home_appliances,36,0.027777777777777776,5.0,3.5142857142857142,0.0,0.023680555555555555
BA,housewares,132,0.09090909090909091,3.090909090909091,4.127118644067797,1.0362095531587059,0.16411911182038302
BA,luggage_accessories,30,0.16666666666666666,3.4,4.28,0.8800000000000003,0.20508928571428572
BA,musical_instruments,31,0.12903225806451613,2.75,4.185185185185185,1.4351851851851851,0.21966429851510494
BA,office_furniture,61,0.09836065573770492,3.6666666666666665,3.709090909090909,0.042424242424242475,0.0852920599436993
BA,perfumery,80,0.0875,3.142857142857143,4.301369863013699,1.1585127201565562,0.16760866104432642
BA,pet_shop,52,0.09615384615384616,2.0,4.326086956521739,2.3260869565217392,0.26641022323087543
BA,small_appliances,18,0.2222222222222222,2.25,4.428571428571429,2.178571428571429,0.3530498866213152
BA,sports_leisure,248,0.13306451612903225,2.5625,4.178403755868545,1.615903755868545,0.2524815774125037
BA,stationery,73,0.1917808219178082,2.7857142857142856,4.305084745762712,1.5193704600484264,0.2795447044230586
BA,telephony,217,0.1889400921658986,2.625,3.9488636363636362,1.3238636363636362,0.271561750861146
BA,toys,112,0.16964285714285715,2.1666666666666665,4.413043478260869,2.2463768115942027,0.32296281918564523
BA,watches_gifts,213,0.1267605633802817,2.3461538461538463,4.161290322580645,1.8151364764267988,0.2610176318456645
CE,auto,53,0.18867924528301888,2.3,3.9069767441860463,1.6069767441860465,0.2827143449159685
CE,baby,30,0.2,1.8333333333333333,4.083333333333333,2.25,0.3418452380952381
CE,bed_bath_table,67,0.22388059701492538,2.8,4.346153846153846,1.546153846153846,0.30696009421755693
CE,computers_accessories,79,0.189873417721519,1.7333333333333334,4.515625,2.7822916666666666,0.37992018755023105
CE,consoles_games,15,0.13333333333333333,1.0,4.230769230769231,3.230769230769231,0.3662820512820513
CE,cool_stuff,46,0.043478260869565216,1.0,4.348837209302325,3.3488372093023253,0.3060383765066525
CE,electronics,40,0.2,2.875,4.03125,1.15625,0.25464905753968253
CE,fashion_bags_accessories,26,0.11538461538461539,2.3333333333333335,4.3478260869565215,2.014492753623188,0.2549504631841588
CE,furniture_decor,64,0.09375,1.5,3.8620689655172415,2.3620689655172415,0.26821189107827037
CE,garden_tools,45,0.17777777777777778,1.625,4.351351351351352,2.7263513513513518,0.3633873605748606
CE,health_beauty,152,0.17763157894736842,1.7692307692307692,4.36,2.590769230769231,0.3598059652335968
CE,housewares,44,0.13636363636363635,2.8333333333333335,4.473684210526316,1.6403508771929824,0.24291870775423405
CE,luggage_accessories,20,0.0,,4.4,0.0,0.0003472222222222222
CE,office_furniture,22,0.18181818181818182,1.5,3.7222222222222223,2.2222222222222223,0.3245120851370852
CE,perfumery,52,0.15384615384615385,2.25,4.386363636363637,2.1363636363636367,0.2973184454434455
CE,sports_leisure,87,0.16091954022988506,2.357142857142857,4.388888888888889,2.031746031746032,0.29700093830635704
CE,stationery,28,0.17857142857142858,2.0,4.136363636363637,2.1363636363636367,0.3154319985569986
CE,telephony,88,0.17045454545454544,2.7333333333333334,4.123287671232877,1.3899543378995434,0.2531258401035798
CE,toys,60,0.13333333333333333,2.125,4.480769230769231,2.355769230769231,0.29909455128205126
CE,watches_gifts,127,0.13385826771653545,2.5,4.284403669724771,1.784403669724771,0.2582539725538895
DF,audio,16,0.125,2.5,4.071428571428571,1.5714285714285712,0.22634495464852608
DF,auto,100,0.05,3.2,4.231578947368421,1.0315789473684207,0.128797514619883
DF,baby,66,0.15151515151515152,2.1,3.9272727272727272,1.8272727272727272,0.27158820346320345
DF,bed_bath_table,170,0.11764705882352941,2.35,4.114093959731544,1.7640939597315435,0.24663908628328285
DF,books_general_interest,15,0.0,,4.733333333333333,0.0,0.0
DF,computers_accessories,132,0.07575757575757576,2.5,4.032786885245901,1.5327868852459012,0.1919014353133205
DF,consoles_games,27,0.0,,4.592592592592593,0.0,0.0008333333333333334
DF,cool_stuff,76,0.05263157894736842,2.25,4.138888888888889,1.8888888888888893,0.19812708855472014
DF,electronics,50,0.08,3.75,4.543478260869565,0.7934782608695654,0.13019220151828848
DF,fashion_bags_accessories,39,0.10256410256410256,1.75,4.285714285714286,2.5357142857142856,0.2874807038199895
DF,furniture_decor,107,0.11214953271028037,3.0833333333333335,4.347368421052631,1.2640350877192978,0.1976827631774139
DF,garden_tools,45,0.044444444444444446,2.5,4.238095238095238,1.7380952380952381,0.17730725623582766
DF,health_beauty,219,0.091324200913242,2.8,4.313131313131313,1.5131313131313133,0.20881693648816935
DF,home_appliances,15,0.26666666666666666,3.5,4.3,0.7999999999999998,0.2776190476190476
DF,housewares,121,0.03305785123966942,3.25,4.241379310344827,0.9913793103448274,0.1134718009698417
DF,luggage_accessories,23,0.13043478260869565,2.3333333333333335,4.2,1.8666666666666667,0.25490338164251203
DF,office_furniture,18,0.1111111111111111,1.0,4.0625,3.0625,0.3351909722222222
DF,perfumery,80,0.075,1.6666666666666667,4.378378378378378,2.711711711711711,0.2824192942942942
DF,pet_shop,34,0.0,,4.470588235294118,0.0,0.0013194444444444445
DF,small_appliances,22,0.045454545454545456,3.0,4.142857142857143,1.1428571428571432,0.12868648216862505
DF,sports_leisure,188,0.0425531914893617,2.0,4.45,2.45,0.24293144208037823
DF,stationery,43,0.09302325581395349,1.25,4.2368421052631575,2.9868421052631575,0.31637714683996815
DF,telephony,81,0.04938271604938271,2.25,4.233766233766234,1.983766233766234,0.203499292814769
DF,toys,87,0.04597701149425287,1.75,4.27710843373494,2.5271084337349397,0.24485282262053135
DF,watches_gifts,140,0.05714285714285714,1.5,4.269230769230769,2.769230769230769,0.2769223137973138
ES,auto,80,0.1125,2.625,4.098591549295775,1.473591549295775,0.21292749552872797
ES,baby,61,0.09836065573770492,2.0,4.109090909090909,2.1090909090909093,0.25136348851512785
ES,bed_bath_table,195,0.1794871794871795,2.6176470588235294,4.1257861635220126,1.5081391046984831,0.27727949307444316
ES,computers_accessories,137,0.0948905109489051,2.5,4.19672131147541,1.69672131147541,0.2207283077963346
ES,consoles_games,19,0.15789473684210525,2.0,4.3125,2.3125,0.31241946010860483
ES,cool_stuff,63,0.12698412698412698,3.75,4.545454545454546,0.7954545454545459,0.16884108946608947
ES,electronics,72,0.1388888888888889,2.7,4.360655737704918,1.6606557377049178,0.24851499479573247
ES,fashion_bags_accessories,43,0.06976744186046512,1.6666666666666667,4.3,2.633333333333333,0.2693655407899594
ES,furniture_decor,110,0.11818181818181818,3.3333333333333335,4.257731958762887,0.9243986254295531,0.17542470916826586
ES,garden_tools,83,0.12048192771084337,4.0,4.291666666666667,0.29166666666666696,0.12454526439089696
ES,health_beauty,150,0.15333333333333332,2.5217391304347827,4.357142857142857,1.835403726708074,0.27952946613427976
ES,home_appliances,15,0.13333333333333333,3.0,4.230769230769231,1.2307692307692308,0.20556776556776557
ES,housewares,100,0.15,3.2857142857142856,4.309523809523809,1.0238095238095237,0.2081731859410431
ES,luggage_accessories,15,0.13333333333333333,3.0,4.153846153846154,1.1538461538461542,0.1993864468864469
ES,musical_instruments,19,0.15789473684210525,1.0,4.5,3.5,0.407843567251462
ES,office_furniture,24,0.08333333333333333,3.0,3.909090909090909,0.9090909090909092,0.14034361471861473
ES,perfumery,60,0.1,2.3333333333333335,4.074074074074074,1.740740740740741,0.2230059523809524
ES,pet_shop,20,0.05,1.0,4.0,3.0,0.2814186507936508
ES,sports_leisure,155,0.11612903225806452,2.4444444444444446,4.4411764705882355,1.9967320261437909,0.26307712870094274
ES,stationery,47,0.06382978723404255,2.6666666666666665,4.386363636363637,1.7196969696969702,0.19147598707439134
ES,telephony,103,0.10679611650485436,1.8181818181818181,4.202247191011236,2.3840653728294177,0.2831246860602157
ES,toys,92,0.07608695652173914,2.0,4.364705882352941,2.3647058823529408,0.25623779584297485
ES,watches_gifts,142,0.11267605633802817,2.9285714285714284,4.16,1.2314285714285718,0.19791437114752006
GO,auto,74,0.013513513513513514,4.0,4.111111111111111,0.11111111111111072,0.023836604461604433
GO,baby,52,0.057692307692307696,2.0,4.224489795918367,2.224489795918367,0.22747693491315937
GO,bed_bath_table,189,0.15873015873015872,2.107142857142857,3.9746835443037973,1.8675406871609401,0.2891376941071787
GO,computers_accessories,110,0.08181818181818182,2.2222222222222223,4.267326732673268,2.0451045104510452,0.23639052298086952
GO,consoles_games,21,0.14285714285714285,3.0,4.222222222222222,1.2222222222222223,0.21291666666666667
GO,cool_stuff,80,0.0625,3.75,4.32,0.5700000000000003,0.10031746031746035
GO,electronics,32,0.09375,2.3333333333333335,4.241379310344827,1.908045977011494,0.22950567870826488
GO,fashion_bags_accessories,44,0.06818181818181818,3.3333333333333335,4.146341463414634,0.8130081300813008,0.12189035388730508
GO,furniture_decor,99,0.12121212121212122,2.1666666666666665,4.0813953488372094,1.914728682170543,0.25666515654887756
GO,garden_tools,74,0.08108108108108109,3.8333333333333335,4.298507462686567,0.46517412935323366,0.10634215105297194
GO,health_beauty,205,0.11219512195121951,2.217391304347826,4.417582417582418,2.2001911132345917,0.2797516136046283
GO,housewares,94,0.031914893617021274,1.0,4.362637362637362,3.3626373626373622,0.30122995693094473
GO,office_furniture,21,0.0,,4.380952380952381,0.0,0.0004166666666666667
GO,perfumery,80,0.0625,2.8,4.293333333333333,1.4933333333333332,0.17451388888888889
GO,pet_shop,25,0.08,3.5,4.0,0.5,0.10487301587301587
GO,sports_leisure,147,0.09523809523809523,2.769230769230769,4.287878787878788,1.518648018648019,0.20739135864135866
GO,stationery,42,0.11904761904761904,1.8,4.513513513513513,2.7135135135135133,0.31516328828828827
GO,telephony,111,0.07207207207207207,2.625,4.213592233009709,1.5885922330097086,0.19197905733403303
GO,toys,72,0.041666666666666664,2.3333333333333335,4.304347826086956,1.9710144927536226,0.1956767598343685
GO,watches_gifts,137,0.058394160583941604,3.125,4.395348837209302,1.2703488372093021,0.1572691536794087
MA,auto,38,0.18421052631578946,1.5714285714285714,4.419354838709677,2.847926267281106,0.37781686118137126
MA,baby,26,0.15384615384615385,2.0,4.363636363636363,2.3636363636363633,0.3137758769008768
MA,bed_bath_table,32,0.1875,2.3333333333333335,4.115384615384615,1.7820512820512815,0.294381105006105
MA,computers_accessories,59,0.1864406779661017,1.9090909090909092,4.145833333333333,2.236742424242424,0.3319463284479174
MA,cool_stuff,33,0.24242424242424243,1.5,4.12,2.62,0.4057251082251082
MA,fashion_bags_accessories,21,0.047619047619047616,1.0,4.15,3.1500000000000004,0.2916369047619048
MA,furniture_decor,38,0.2631578947368421,3.2,4.2592592592592595,1.0592592592592593,0.29724258563074346
MA,garden_tools,18,0.2222222222222222,2.0,3.4285714285714284,1.4285714285714284,0.292782029478458
MA,health_beauty,82,0.2804878048780488,2.8181818181818183,4.271186440677966,1.453004622496148,0.34580232170222874
MA,housewares,22,0.5,2.6363636363636362,4.181818181818182,1.5454545454545454,0.5246744227994228
MA,perfumery,29,0.034482758620689655,1.0,4.535714285714286,3.5357142857142856,0.31267832707795756
MA,sports_leisure,56,0.21428571428571427,1.9090909090909092,4.2727272727272725,2.3636363636363633,0.36421085858585855
MA,stationery,16,0.125,2.5,3.7857142857142856,1.2857142857142856,0.2033857709750567
MA,telephony,59,0.1864406779661017,2.727272727272727,3.9583333333333335,1.2310606060606064,0.2511326109154499
MA,toys,20,0.05,1.0,4.105263157894737,3.105263157894737,0.28987729741019214
MA,watches_gifts,56,0.21428571428571427,3.272727272727273,4.340909090909091,1.068181818181818,0.26011183261183257
MG,air_conditioning,18,0.0,,4.0,0.0,0.00020833333333333335
MG,art,18,0.0,,4.777777777777778,0.0,0.00020833333333333335
MG,audio,32,0.0625,1.0,3.966666666666667,2.966666666666667,0.28957341269841275
MG,auto,461,0.06941431670281996,2.28125,4.311475409836065,2.0302254098360653,0.2496467888748763
MG,baby,337,0.0830860534124629,2.357142857142857,4.159090909090909,1.801948051948052,0.23362935087262132
MG,bed_bath_table,1113,0.08176100628930817,2.8181818181818183,4.012845849802371,1.1946640316205528,0.2376585932866695
MG,books_general_interest,50,0.0,,4.612244897959184,0.0,0.002430555555555555
MG,books_technical,28,0.03571428571428571,1.0,4.592592592592593,3.5925925925925926,0.3181646825396825
MG,christmas_supplies,17,0.058823529411764705,5.0,3.8125,0.0,0.047197712418300654
MG,computers,18,0.0,,4.5,0.0,0.00020833333333333335
MG,computers_accessories,860,0.06279069767441861,2.5849056603773586,4.138231631382316,1.5533259710049578,0.233733950650846
MG,consoles_games,118,0.03389830508474576,3.0,4.473684210526316,1.473684210526316,0.15269247447715334
MG,construction_tools_construction,98,0.05102040816326531,2.0,4.21505376344086,2.21505376344086,0.22457560712457025
MG,construction_tools_lights,35,0.05714285714285714,2.0,4.4375,2.4375,0.2429737103174603
MG,construction_tools_safety,21,0.047619047619047616,1.0,4.35,3.3499999999999996,0.3077083333333333
MG,cool_stuff,420,0.04523809523809524,2.3157894736842106,4.3925,2.0767105263157895,0.23119400062656642
MG,costruction_tools_garden,20,0.05,3.0,4.2105263157894735,1.2105263157894735,0.13762165831244777
MG,costruction_tools_tools,17,0.0,,4.117647058823529,0.0,0.0001388888888888889
MG,drinks,17,0.0,,4.294117647058823,0.0,0.0001388888888888889
MG,electronics,258,0.07751937984496124,2.55,4.2076271186440675,1.6576271186440676,0.2120926830527244
MG,fashion_bags_accessories,241,0.04979253112033195,2.5454545454545454,4.447368421052632,1.9019138755980864,0.20836083434412767
MG,fashion_shoes,41,0.04878048780487805,1.0,4.230769230769231,3.230769230769231,0.3004453304148426
MG,fixed_telephony,17,0.058823529411764705,1.0,4.2,3.2,0.30434056956115785
MG,food,34,0.08823529411764706,3.3333333333333335,4.354838709677419,1.0215053763440856,0.15399293319478327
MG,food_drink,20,0.1,2.5,4.5,2.0,0.24106150793650793
MG,furniture_decor,702,0.04843304843304843,3.46875,4.22356495468278,0.7548149546827796,0.147109545223924
MG,furniture_living_room,41,0.07317073170731707,1.3333333333333333,4.486486486486487,3.153153153153154,0.3137205192997876
MG,garden_tools,479,0.04592901878914405,3.272727272727273,4.328193832599119,1.0554665598718462,0.1537797143860965
MG,health_beauty,986,0.05273833671399594,2.56,4.403866809881848,1.8438668098818476,0.2577890935779722
MG,home_appliances,84,0.05952380952380952,1.4,3.9873417721518987,2.5873417721518988,0.2603221066907776
MG,home_appliances_2,19,0.10526315789473684,2.0,4.352941176470588,2.352941176470588,0.27356393434566806
MG,home_confort,49,0.02040816326530612,3.0,4.354166666666667,1.354166666666667,0.12750460600907032
MG,home_construction,55,0.07272727272727272,1.5,4.34,2.84,0.28917388167388164
MG,housewares,677,0.04579025110782865,2.7419354838709675,4.277258566978193,1.5353230831072255,0.20597859942960148
MG,kitchen_dining_laundry_garden_furniture,25,0.04,1.0,4.541666666666667,3.541666666666667,0.31729265873015877
MG,luggage_accessories,171,0.029239766081871343,3.4,4.554216867469879,1.1542168674698794,0.1269747159062314
MG,market_place,31,0.06451612903225806,4.0,4.413793103448276,0.4137931034482758,0.08597524586401115
MG,musical_instruments,66,0.09090909090909091,2.1666666666666665,4.517241379310345,2.3505747126436787,0.265154407374235
MG,office_furniture,133,0.03759398496240601,2.4,3.5873015873015874,1.1873015873015875,0.13367779567967542
MG,perfumery,365,0.0547945205479452,2.8,4.453488372093023,1.6534883720930234,0.2010107733228154
MG,pet_shop,222,0.06306306306306306,2.642857142857143,4.413461538461538,1.7706043956043955,0.20710616081151792
MG,small_appliances,59,0.0847457627118644,3.5,4.092592592592593,0.5925925925925926,0.1184712133440947
MG,sports_leisure,843,0.046263345195729534,2.6923076923076925,4.365336658354114,1.673028966046422,0.22895050378531395
MG,stationery,237,0.0379746835443038,2.0,4.381578947368421,2.3815789473684212,0.23717329320135783
MG,telephony,449,0.062360801781737196,3.392857142857143,4.26555023923445,0.8726930963773074,0.1501546541303123
MG,toys,448,0.05580357142857143,2.375,4.443127962085308,2.068127962085308,0.2409011556834424
MG,watches_gifts,597,0.05527638190954774,2.5,4.316163410301954,1.8161634103019537,0.23057947480785468
MS,auto,24,0.16666666666666666,2.0,4.35,2.3499999999999996,0.322797619047619
MS,baby,28,0.07142857142857142,4.0,4.076923076923077,0.07692307692307665,0.06422695360195357
MS,bed_bath_table,57,0.12280701754385964,3.5714285714285716,4.4,0.8285714285714287,0.16774391335481564
MS,computers_accessories,54,0.05555555555555555,3.0,4.411764705882353,1.4117647058823533,0.1605981559290383
MS,cool_stuff,24,0.0,,4.565217391304348,0.0,0.000625
MS,electronics,20,0.2,3.75,4.5625,0.8125,0.22563740079365083
MS,furniture_decor,45,0.06666666666666667,3.6666666666666665,4.219512195121951,0.5528455284552849,0.09984175377468064
MS,garden_tools,20,0.05,2.0,4.368421052631579,2.3684210526315788,0.23066677109440265
MS,health_beauty,57,0.15789473684210525,2.2222222222222223,4.395833333333333,2.1736111111111107,0.30389763471177944
MS,housewares,34,0.11764705882352941,2.75,4.366666666666666,1.6166666666666663,0.22534780578898223
MS,perfumery,20,0.1,1.0,4.611111111111111,3.6111111111111107,0.37052579365079363
MS,pet_shop,22,0.09090909090909091,1.0,4.3,3.3,0.3383919552669553
MS,sports_leisure,59,0.0847457627118644,1.6,4.5,2.9,0.30388788001076134
MS,stationery,19,0.10526315789473684,2.0,4.411764705882353,2.4117647058823533,0.2782908251019706
MS,telephony,26,0.15384615384615385,3.25,4.5,1.25,0.22428724053724053
MS,toys,32,0.09375,1.0,4.172413793103448,3.1724137931034484,0.3311066639299398
MS,watches_gifts,29,0.20689655172413793,2.0,4.3478260869565215,2.3478260869565215,0.35515405987482446
MT,auto,49,0.061224489795918366,4.333333333333333,4.434782608695652,0.10144927536231929,0.059492876860889325
MT,baby,32,0.0,,4.0625,0.0,0.0011805555555555554
MT,bed_bath_table,56,0.017857142857142856,5.0,4.37037037037037,0.0,0.017132936507936507
MT,computers_accessories,45,0.022222222222222223,3.0,4.116279069767442,1.116279069767442,0.109562107788852
MT,cool_stuff,43,0.046511627906976744,1.0,4.634146341463414,3.6341463414634143,0.3311833634947645
MT,electronics,20,0.1,1.0,3.9444444444444446,2.9444444444444446,0.3169543650793651
MT,furniture_decor,52,0.07692307692307693,1.75,4.022222222222222,2.272222222222222,0.2466971916971917
MT,garden_tools,35,0.02857142857142857,5.0,3.911764705882353,0.0,0.024246031746031745
MT,health_beauty,83,0.08433734939759036,3.2857142857142856,4.157894736842105,0.8721804511278197,0.14227803084878002
MT,housewares,40,0.05,1.0,4.447368421052632,3.447368421052632,0.3187567878028405
MT,perfumery,22,0.09090909090909091,3.0,4.25,1.25,0.1736598124098124
MT,sports_leisure,67,0.08955223880597014,1.1666666666666667,4.426229508196721,3.2595628415300544,0.33718205906455234
MT,stationery,24,0.08333333333333333,2.0,4.590909090909091,2.590909090909091,0.2754897186147186
MT,telephony,58,0.06896551724137931,2.75,3.8518518518518516,1.1018518518518516,0.14670019157088118
MT,toys,37,0.13513513513513514,2.4,4.40625,2.00625,0.27085240374302877
MT,watches_gifts,58,0.06896551724137931,3.75,4.2407407407407405,0.4907407407407405,0.09759304871373833
PA,auto,44,0.18181818181818182,2.0,3.8333333333333335,1.8333333333333335,0.2947898629148629
PA,baby,42,0.11904761904761904,1.8,3.972972972972973,2.172972972972973,0.27172699485199486
PA,bed_bath_table,34,0.11764705882352941,1.5,3.8333333333333335,2.3333333333333335,0.28293709150326796
PA,computers_accessories,80,0.0875,2.857142857142857,4.205479452054795,1.3483365949119377,0.182862365265741
PA,cool_stuff,44,0.1590909090909091,2.2857142857142856,4.3428571428571425,2.057142857142857,0.29459273861059576
PA,electronics,27,0.037037037037037035,1.0,3.8461538461538463,2.8461538461538463,0.2591717541717542
PA,fashion_bags_accessories,29,0.20689655172413793,1.3333333333333333,4.181818181818182,2.8484848484848486,0.3953855674976364
PA,furniture_decor,52,0.09615384615384616,1.6,3.9361702127659575,2.3361702127659574,0.26722048489335726
PA,garden_tools,26,0.15384615384615385,1.0,4.409090909090909,3.409090909090909,0.39778561716061717
PA,health_beauty,99,0.15151515151515152,1.8,4.27710843373494,2.47710843373494,0.3260988108277265
PA,housewares,29,0.034482758620689655,5.0,4.5,0.0,0.028558429118773945
PA,office_furniture,20,0.0,,3.3,0.0,0.0003472222222222222
PA,perfumery,33,0.06060606060606061,4.5,4.548387096774194,0.04838709677419395,0.05362309733277479
PA,sports_leisure,72,0.19444444444444445,2.8461538461538463,4.280701754385965,1.4345479082321186,0.2747900600861127
PA,stationery,22,0.22727272727272727,2.0,4.588235294117647,2.5882352941176467,0.39028748620660386
PA,telephony,70,0.14285714285714285,1.9,3.7288135593220337,1.8288135593220338,0.2650633911756793
PA,toys,27,0.1111111111111111,2.6666666666666665,4.375,1.7083333333333335,0.22699900793650793
PA,watches_gifts,71,0.14084507042253522,2.111111111111111,4.508196721311475,2.397085610200364,0.3091878960465892
PB,auto,22,0.13636363636363635,4.333333333333333,4.0,0.0,0.1095770202020202
PB,bed_bath_table,29,0.034482758620689655,1.0,3.925925925925926,2.925925925925926,0.26367747673782155
PB,computers_accessories,40,0.125,3.6,4.5,0.8999999999999999,0.17405753968253967
PB,cool_stuff,22,0.0,,4.380952380952381,0.0,0.0004861111111111111
PB,furniture_decor,31,0.12903225806451613,1.75,4.518518518518518,2.768518518518518,0.3268071556579621
PB,health_beauty,75,0.12,2.5555555555555554,4.303030303030303,1.7474747474747474,0.24058874458874457
PB,housewares,18,0.2222222222222222,1.5,3.9285714285714284,2.4285714285714284,0.37313917233560084
PB,perfumery,17,0.0,,4.705882352941177,0.0,0.0001388888888888889
PB,sports_leisure,28,0.10714285714285714,2.6666666666666665,4.36,1.6933333333333338,0.2226884920634921
PB,stationery,16,0.125,1.0,4.214285714285714,3.2142857142857144,0.35836026077097505
PB,telephony,24,0.125,2.0,3.8095238095238093,1.8095238095238093,0.24603316326530608
PB,toys,15,0.2,3.6666666666666665,4.75,1.0833333333333335,0.24705357142857148
PB,watches_gifts,41,0.04878048780487805,1.0,4.333333333333333,3.333333333333333,0.3086870886566008
PE,auto,75,0.09333333333333334,1.5714285714285714,4.382352941176471,2.8109243697479,0.30471118447378953
PE,baby,41,0.17073170731707318,2.8333333333333335,4.411764705882353,1.5784313725490198,0.26522915670333175
PE,bed_bath_table,80,0.1,2.0,4.071428571428571,2.071428571428571,0.25096797052154196
PE,computers_accessories,100,0.11,2.5454545454545454,4.269662921348314,1.724208375893769,0.23245523655495562
PE,consoles_games,19,0.21052631578947367,2.75,4.0,1.25,0.2691452589807853
PE,cool_stuff,73,0.0958904109589041,2.4285714285714284,4.3538461538461535,1.925274725274725,0.23544968268304864
PE,electronics,34,0.14705882352941177,3.25,4.428571428571429,1.1785714285714288,0.21367313592103512
PE,fashion_bags_accessories,31,0.06451612903225806,2.5,4.413793103448276,1.9137931034482758,0.20651096014972542
PE,furniture_decor,70,0.08571428571428572,1.3333333333333333,4.015873015873016,2.682539682539683,0.2879520975056689
PE,garden_tools,56,0.05357142857142857,2.3333333333333335,4.264150943396227,1.9308176100628933,0.20085935160227614
PE,health_beauty,219,0.1415525114155251,2.2333333333333334,4.43010752688172,2.1967741935483867,0.3039351734949392
PE,housewares,53,0.018867924528301886,5.0,4.346153846153846,0.0,0.017733228511530398
PE,office_furniture,19,0.15789473684210525,1.3333333333333333,3.9375,2.604166666666667,0.33585696010860483
PE,perfumery,45,0.15555555555555556,2.8333333333333335,4.315789473684211,1.4824561403508771,0.24565371762740182
PE,pet_shop,22,0.13636363636363635,1.0,4.157894736842105,3.1578947368421053,0.3633364186982608
PE,sports_leisure,127,0.09448818897637795,1.8333333333333333,4.315789473684211,2.4824561403508776,0.2828514116656471
PE,stationery,46,0.043478260869565216,2.0,4.386363636363637,2.3863636363636367,0.2286967501097936
PE,telephony,120,0.09166666666666666,2.5454545454545454,4.398148148148148,1.8526936026936025,0.22950216450216449
PE,toys,54,0.1111111111111111,2.6666666666666665,4.479166666666667,1.8125000000000004,0.2372445436507937
PE,watches_gifts,145,0.1103448275862069,2.1875,4.116279069767442,1.928779069767442,0.25229481509591273
PI,auto,27,0.2962962962962963,1.625,4.315789473684211,2.6907894736842106,0.45409452450570875
PI,bed_bath_table,24,0.20833333333333334,1.75,3.8947368421052633,2.1447368421052633,0.33963659147869674
PI,computers_accessories,35,0.11428571428571428,2.25,4.566666666666666,2.3166666666666664,0.2789781746031746
PI,cool_stuff,20,0.0,,4.55,0.0,0.0003472222222222222
PI,electronics,21,0.19047619047619047,2.0,4.411764705882353,2.4117647058823533,0.3466001400560224
PI,garden_tools,16,0.1875,2.6666666666666665,4.615384615384615,1.9487179487179485,0.30666285103785107
PI,health_beauty,50,0.2,2.2,4.225,2.0249999999999995,0.3251537698412698
PI,perfumery,15,0.2,2.3333333333333335,3.727272727272727,1.3939393939393936,0.272012987012987
PI,sports_leisure,30,0.13333333333333333,3.0,4.653846153846154,1.6538461538461542,0.24060668498168503
PI,telephony,33,0.18181818181818182,3.8333333333333335,4.111111111111111,0.27777777777777724,0.169025974025974
PI,toys,27,0.1111111111111111,4.0,3.9565217391304346,0.0,0.08972222222222223
PI,watches_gifts,37,0.1891891891891892,2.5714285714285716,4.333333333333333,1.7619047619047614,0.29446076178219033
PR,audio,17,0.11764705882352941,1.5,4.333333333333333,2.833333333333333,0.32193510737628384
PR,auto,203,0.054187192118226604,2.727272727272727,4.223958333333333,1.496685606060606,0.17667468830857838
PR,baby,148,0.0472972972972973,3.0,4.357142857142857,1.3571428571428568,0.1561300713979285
PR,bed_bath_table,395,0.04810126582278481,3.2222222222222223,4.05614973262032,0.8339275103980981,0.13188193363267817
PR,books_general_interest,33,0.06060606060606061,5.0,4.838709677419355,0.0,0.04973484848484849
PR,books_technical,15,0.06666666666666667,2.0,4.5,2.5,0.25422619047619044
PR,computers_accessories,333,0.04804804804804805,3.3333333333333335,4.113564668769716,0.7802313354363828,0.12321893265505253
PR,consoles_games,38,0.02631578947368421,1.0,4.0,3.0,0.2637212823725982
PR,construction_tools_construction,46,0.043478260869565216,3.0,4.454545454545454,1.4545454545454541,0.15381850335654682
PR,cool_stuff,199,0.03015075376884422,3.1666666666666665,4.486910994764398,1.3202443280977314,0.1429894428721351
PR,electronics,165,0.048484848484848485,3.625,4.174193548387096,0.5491935483870964,0.09333616987850855
PR,fashion_bags_accessories,105,0.05714285714285714,3.3333333333333335,4.343434343434343,1.01010101010101,0.13313311688311688
PR,fashion_shoes,16,0.0625,5.0,4.769230769230769,0.0,0.050069444444444444
PR,food,24,0.125,4.666666666666667,4.857142857142857,0.1904761904761898,0.11593112244897955
PR,furniture_decor,384,0.06510416666666667,3.12,4.1364902506963785,1.0164902506963784,0.15939058562143518
PR,garden_tools,170,0.047058823529411764,3.875,4.462962962962963,0.5879629629629628,0.0956579715219421
PR,health_beauty,375,0.04533333333333334,2.176470588235294,4.438202247191011,2.2617316589557173,0.24301296068989392
PR,home_appliances,42,0.09523809523809523,4.0,4.473684210526316,0.47368421052631593,0.1161293859649123
PR,home_construction,20,0.05,5.0,4.157894736842105,0.0,0.04034722222222223
PR,housewares,278,0.039568345323741004,2.727272727272727,4.205992509363296,1.4787197820905686,0.16874426192301664
PR,luggage_accessories,48,0.0,,4.520833333333333,0.0,0.0022916666666666667
PR,musical_instruments,33,0.06060606060606061,2.0,4.709677419354839,2.709677419354839,0.26747678396871943
PR,office_furniture,53,0.03773584905660377,2.0,3.9607843137254903,1.9607843137254903,0.19039059334425593
PR,perfumery,136,0.0661764705882353,3.111111111111111,4.496062992125984,1.384951881014873,0.1726347304013469
PR,pet_shop,80,0.0875,3.7142857142857144,4.36986301369863,0.6555772994129159,0.1271942075917125
PR,small_appliances,38,0.07894736842105263,2.3333333333333335,4.8,2.4666666666666663,0.26296940267335
PR,sports_leisure,419,0.050119331742243436,2.2857142857142856,4.431818181818182,2.146103896103896,0.2406057983148419
PR,stationery,118,0.01694915254237288,2.5,4.560344827586207,2.0603448275862073,0.18627552345699633
PR,telephony,226,0.04424778761061947,2.0,4.181395348837209,2.181395348837209,0.2253417055406919
PR,toys,197,0.06091370558375635,1.9090909090909092,4.505434782608695,2.596343873517786,0.27000462890643034
PR,watches_gifts,265,0.045283018867924525,3.0,4.270916334661354,1.2709163346613543,0.15571473166930955
RJ,agro_industry_and_commerce,24,0.125,1.3333333333333333,4.333333333333333,3.0,0.34169642857142857
RJ,air_conditioning,58,0.08620689655172414,1.6,4.346153846153846,2.7461538461538457,0.29262470527556733
RJ,art,31,0.06451612903225806,3.0,4.241379310344827,1.2413793103448274,0.15247770891819834
RJ,audio,54,0.2222222222222222,1.6666666666666667,4.121951219512195,2.4552845528455283,0.37778576267905534
RJ,auto,401,0.10972568578553615,2.302325581395349,4.298295454545454,1.9959698731501052,0.2749765404192608
RJ,baby,332,0.18072289156626506,2.0,4.215613382899628,2.215613382899628,0.34463256326776387
RJ,bed_bath_table,1353,0.1655580192165558,2.182648401826484,4.1077199281867145,1.9250715263602305,0.3800563296938584
RJ,books_general_interest,48,0.125,2.8333333333333335,4.804878048780488,1.9715447154471542,0.26071936701509874
RJ,books_technical,29,0.10344827586206896,3.6666666666666665,4.2,0.5333333333333337,0.12658798576902028
RJ,computers,20,0.0,,4.315789473684211,0.0,0.0003472222222222222
RJ,computers_accessories,833,0.13805522208883553,1.9454545454545455,4.245441795231416,2.299987249776871,0.3520701372265511
RJ,consoles_games,125,0.136,2.176470588235294,4.476190476190476,2.2997198879551823,0.301237808456716
RJ,construction_tools_construction,102,0.19607843137254902,2.3333333333333335,3.753086419753086,1.4197530864197527,0.2769917133520074
RJ,construction_tools_lights,19,0.2631578947368421,2.0,4.0,2.0,0.37151837928153714
RJ,construction_tools_safety,16,0.125,3.0,4.076923076923077,1.0769230769230766,0.18660790598290597
RJ,cool_stuff,474,0.12447257383966245,2.0701754385964914,4.2560975609756095,2.185922122379118,0.30710751533433767
RJ,costruction_tools_garden,28,0.10714285714285714,3.0,4.24,1.2400000000000002,0.18625992063492067
RJ,drinks,40,0.025,1.0,4.230769230769231,3.230769230769231,0.28135149572649576
RJ,electronics,391,0.2020460358056266,2.41025641025641,4.242718446601942,1.832462036345532,0.3349993533905212
RJ,fashion_bags_accessories,184,0.09239130434782608,1.588235294117647,4.385542168674699,2.7973068745570524,0.3104327427234208
RJ,fashion_shoes,21,0.047619047619047616,2.0,4.315789473684211,2.3157894736842106,0.22460213032581455
RJ,fixed_telephony,24,0.041666666666666664,1.0,4.173913043478261,3.1739130434782608,0.28900491718426496
RJ,food,39,0.10256410256410256,1.25,4.485714285714286,3.2357142857142858,0.3437307038199895
RJ,food_drink,39,0.15384615384615385,3.0,4.484848484848484,1.4848484848484844,0.24406177156177153
RJ,furniture_bedroom,16,0.0625,1.0,4.4,3.4000000000000004,0.3232837301587302
RJ,furniture_decor,813,0.14268142681426815,2.15929203539823,4.104046242774566,1.9447542073763362,0.32583669978225105
RJ,furniture_living_room,92,0.14130434782608695,2.6666666666666665,4.177215189873418,1.5105485232067513,0.23977406395506284
RJ,garden_tools,524,0.16412213740458015,2.0588235294117645,4.203196347031963,2.144372817620199,0.3389606049903666
RJ,health_beauty,937,0.09818569903948772,2.258426966292135,4.372619047619048,2.114192081326913,0.3124667721159949
RJ,home_appliances,79,0.06329113924050633,1.4,4.3108108108108105,2.9108108108108106,0.2889817959912896
RJ,home_appliances_2,45,0.08888888888888889,2.25,4.25,2.0,0.23390873015873015
RJ,home_confort,49,0.22448979591836735,2.6363636363636362,4.405405405405405,1.769041769041769,0.32410809000094715
RJ,home_construction,50,0.12,1.8333333333333333,4.348837209302325,2.5155038759689923,0.3005692598744924
RJ,housewares,707,0.09476661951909476,2.1363636363636362,4.2507836990595615,2.1144200626959253,0.2937776062088968
RJ,industry_commerce_and_business,22,0.18181818181818182,2.0,4.388888888888889,2.3888888888888893,0.33790494227994233
RJ,kitchen_dining_laundry_garden_furniture,42,0.07142857142857142,1.6666666666666667,4.105263157894737,2.43859649122807,0.2549765037593985
RJ,luggage_accessories,113,0.12389380530973451,2.923076923076923,4.43298969072165,1.5099127676447268,0.22725287577479442
RJ,market_place,30,0.1,1.0,4.037037037037037,3.037037037037037,0.3250892857142857
RJ,musical_instruments,73,0.1780821917808219,1.7692307692307692,4.482758620689655,2.7135278514588856,0.3645448764089529
RJ,office_furniture,210,0.11428571428571428,1.375,3.6989247311827955,2.3239247311827955,0.29171418970814134
RJ,perfumery,401,0.08977556109725686,2.257142857142857,4.331491712707182,2.074348855564325,0.26531475175549424
RJ,pet_shop,191,0.13612565445026178,2.3076923076923075,4.365853658536586,2.058161350844278,0.28651071147527546
RJ,signaling_and_security,16,0.0625,,4.266666666666667,0.0,0.050069444444444444
RJ,small_appliances,81,0.07407407407407407,2.0,4.472972972972973,2.472972972972973,0.26256363506363506
RJ,sports_leisure,884,0.1515837104072398,2.037878787878788,4.313172043010753,2.275293255131965,0.36445025569254696
RJ,stationery,291,0.14432989690721648,1.8571428571428572,4.402439024390244,2.5452961672473866,0.33916331191767624
RJ,telephony,386,0.12694300518134716,2.6382978723404253,4.226865671641791,1.5885677993013658,0.2549710626206835
RJ,toys,534,0.11797752808988764,1.9833333333333334,4.39957264957265,2.4162393162393165,0.3245857770506647
RJ,watches_gifts,778,0.14910025706940874,2.219298245614035,4.179878048780488,1.9605798031664525,0.3298129080925138
RN,auto,17,0.11764705882352941,2.5,4.4,1.9000000000000004,0.24693510737628385
RN,bed_bath_table,24,0.041666666666666664,1.0,4.217391304347826,3.217391304347826,0.29249870600414074
RN,books_general_interest,22,0.0,,4.954545454545454,0.0,0.0004861111111111111
RN,computers_accessories,26,0.038461538461538464,1.0,4.44,3.4400000000000004,0.3079616910866911
RN,cool_stuff,21,0.09523809523809523,1.0,4.526315789473684,3.526315789473684,0.3599718045112782
RN,furniture_decor,29,0.2413793103448276,2.0,4.181818181818182,2.1818181818181817,0.3694003458227596
RN,garden_tools,15,0.06666666666666667,2.0,4.571428571428571,2.571428571428571,0.2599659863945578
RN,health_beauty,56,0.07142857142857142,3.25,4.5576923076923075,1.3076923076923075,0.16507249694749693
RN,housewares,21,0.09523809523809523,1.0,4.052631578947368,3.052631578947368,0.32190789473684206
RN,perfumery,19,0.21052631578947367,1.25,4.133333333333334,2.8833333333333337,0.4003952589807853
RN,sports_leisure,20,0.1,2.5,4.722222222222222,2.2222222222222223,0.2589186507936508
RN,telephony,22,0.13636363636363635,3.0,4.2105263157894735,1.2105263157894735,0.20685145629224572
RN,toys,23,0.13043478260869565,2.3333333333333335,4.45,2.1166666666666667,0.2749926673567977
RN,watches_gifts,46,0.10869565217391304,2.0,4.375,2.375,0.27995751380262246
RO,computers_accessories,17,0.058823529411764705,2.0,4.3125,2.3125,0.23302360527544347
RO,health_beauty,23,0.043478260869565216,1.0,4.2727272727272725,3.2727272727272725,0.29832517723822066
RO,sports_leisure,16,0.125,1.5,4.357142857142857,2.8571428571428568,0.3296612811791383
RO,telephony,16,0.0625,4.0,4.5,0.5,0.09024801587301587
RS,audio,16,0.0,,3.5,0.0,6.944444444444444e-05
RS,auto,173,0.07514450867052024,2.6153846153846154,4.35,1.7346153846153842,0.21047656542237464
RS,baby,194,0.07216494845360824,2.4285714285714284,4.455555555555556,2.0269841269841273,0.23304516737966666
RS,bed_bath_table,536,0.0914179104477612,2.2291666666666665,4.142268041237114,1.9131013745704473,0.2630462443703183
RS,books_general_interest,28,0.10714285714285714,1.0,4.56,3.5599999999999996,0.372688492063492
RS,computers_accessories,386,0.05958549222797927,2.652173913043478,4.2865013774104685,1.6343274643669905,0.2047621682007626
RS,consoles_games,55,0.10909090909090909,2.3333333333333335,4.3061224489795915,1.972789115646258,0.2485782018435079
RS,construction_tools_construction,34,0.08823529411764706,3.0,4.548387096774194,1.548387096774194,0.1963316428722027
RS,construction_tools_lights,16,0.0,,3.875,0.0,6.944444444444444e-05
RS,cool_stuff,250,0.072,2.4705882352941178,4.406926406926407,1.936338171632289,0.22951804752203908
RS,electronics,156,0.08333333333333333,2.923076923076923,4.211267605633803,1.28819068255688,0.17997365603879692
RS,fashion_bags_accessories,77,0.03896103896103896,2.3333333333333335,4.391891891891892,2.0585585585585586,0.2008942708942709
RS,fixed_telephony,18,0.0,,4.529411764705882,0.0,0.00020833333333333335
RS,furniture_decor,429,0.08158508158508158,2.2058823529411766,4.195431472081219,1.989549119140042,0.25389254805610434
RS,furniture_living_room,21,0.0,,4.333333333333333,0.0,0.0004166666666666667
RS,garden_tools,220,0.06818181818181818,2.8666666666666667,4.331707317073171,1.4650406504065043,0.18650804649280261
RS,health_beauty,388,0.08247422680412371,2.25,4.331460674157303,2.081460674157303,0.25914239196586003
RS,home_appliances,44,0.0,,4.681818181818182,0.0,0.002013888888888889
RS,home_confort,17,0.11764705882352941,3.0,3.7333333333333334,0.7333333333333334,0.15318510737628385
RS,home_construction,34,0.08823529411764706,4.333333333333333,4.258064516129032,0.0,0.0719076797385621
RS,housewares,336,0.08333333333333333,2.607142857142857,4.323529411764706,1.7163865546218484,0.22688225290116043
RS,industry_commerce_and_business,19,0.05263157894736842,1.0,4.277777777777778,3.2777777777777777,0.3057758980785297
RS,luggage_accessories,53,0.018867924528301886,4.0,4.423076923076923,0.42307692307692335,0.05173048125878316
RS,market_place,20,0.0,,4.368421052631579,0.0,0.0003472222222222222
RS,musical_instruments,29,0.10344827586206896,1.6666666666666667,4.346153846153846,2.679487179487179,0.2990467769778114
RS,office_furniture,55,0.05454545454545454,3.3333333333333335,4.0,0.6666666666666665,0.09998556998556997
RS,perfumery,143,0.04895104895104895,2.4285714285714284,4.522058823529412,2.0934873949579837,0.2162763937159946
RS,pet_shop,82,0.06097560975609756,3.8,4.402597402597403,0.6025974025974028,0.10185627114851856
RS,small_appliances,39,0.10256410256410256,1.75,4.4,2.6500000000000004,0.2966643772893773
RS,sports_leisure,412,0.07524271844660194,2.6129032258064515,4.46578947368421,1.8528862478777586,0.23665626412047447
RS,stationery,133,0.09022556390977443,3.1666666666666665,4.380165289256198,1.213498622589532,0.17788817774463708
RS,telephony,247,0.03643724696356275,3.111111111111111,4.185654008438819,1.0745428973277078,0.13160810578865212
RS,toys,197,0.07106598984771574,2.142857142857143,4.43956043956044,2.296703296703297,0.25404819568071924
RS,watches_gifts,220,0.09090909090909091,2.65,4.274111675126903,1.6241116751269034,0.21747235773251
SC,auto,158,0.0759493670886076,2.9166666666666665,4.1931034482758625,1.276436781609196,0.17326086203432345
SC,baby,97,0.08247422680412371,3.2857142857142856,4.1477272727272725,0.8620129870129869,0.14094272662985843
SC,bed_bath_table,267,0.12734082397003746,2.303030303030303,4.177489177489178,1.8744588744588744,0.269998818730761
SC,books_general_interest,20,0.1,1.0,4.111111111111111,3.1111111111111107,0.3303472222222222
SC,computers_accessories,259,0.13513513513513514,2.8529411764705883,4.256756756756757,1.4038155802861687,0.2378591616826911
SC,consoles_games,33,0.15151515151515152,3.0,4.035714285714286,1.0357142857142856,0.20568916202844775
SC,construction_tools_construction,21,0.047619047619047616,4.0,4.5,0.5,0.07869047619047619
SC,cool_stuff,148,0.0945945945945946,2.357142857142857,4.180451127819549,1.823308270676692,0.2314276299661638
SC,electronics,112,0.08928571428571429,2.1,4.3,2.1999999999999997,0.2549503968253968
SC,fashion_bags_accessories,72,0.1388888888888889,2.8,4.483870967741935,1.6838709677419352,0.25038050435227854
SC,furniture_decor,268,0.13805970149253732,2.9722222222222223,4.247826086956522,1.2756038647342995,0.23052108762605195
SC,garden_tools,145,0.0896551724137931,2.4615384615384617,4.371212121212121,1.9096736596736594,0.2342078347897313
SC,health_beauty,281,0.09608540925266904,3.076923076923077,4.3478260869565215,1.2709030100334444,0.1974666843591878
SC,home_appliances,24,0.08333333333333333,1.0,4.2727272727272725,3.2727272727272725,0.3302786796536796
SC,home_appliances_2,16,0.0625,1.0,4.733333333333333,3.7333333333333334,0.35006944444444443
SC,home_construction,20,0.0,,4.15,0.0,0.0003472222222222222
SC,housewares,215,0.11627906976744186,3.0416666666666665,4.242105263157895,1.2004385964912285,0.2033759604923161
SC,luggage_accessories,34,0.058823529411764705,2.5,4.4375,1.9375,0.2040702322595705
SC,musical_instruments,23,0.08695652173913043,4.0,4.619047619047619,0.6190476190476186,0.11986567090604355
SC,office_furniture,39,0.05128205128205128,1.0,3.864864864864865,2.864864864864865,0.27290466290466286
SC,perfumery,105,0.11428571428571428,2.0833333333333335,4.445652173913044,2.3623188405797104,0.28750776397515526
SC,pet_shop,79,0.0379746835443038,1.6666666666666667,4.394736842105263,2.728070175438596,0.25404411609191746
SC,small_appliances,25,0.04,1.0,4.521739130434782,3.5217391304347823,0.3156913388543823
SC,sports_leisure,308,0.05519480519480519,2.764705882352941,4.342560553633218,1.577854671280277,0.19129495960594575
SC,stationery,81,0.06172839506172839,2.2,4.613333333333333,2.413333333333333,0.24789462081128744
SC,telephony,158,0.12025316455696203,1.9444444444444444,4.144927536231884,2.200483091787439,0.2829576213626158
SC,toys,113,0.05309734513274336,2.6666666666666665,4.4672897196261685,1.800623052959502,0.19397635556028167
SC,watches_gifts,162,0.06790123456790123,2.3636363636363638,4.3933333333333335,2.0296969696969698,0.22762997033830362
SE,auto,19,0.21052631578947367,2.0,4.533333333333333,2.533333333333333,0.37227025898078525
SE,computers_accessories,33,0.030303030303030304,4.0,4.40625,0.40625,0.058137513528138535
SE,cool_stuff,17,0.17647058823529413,1.6666666666666667,4.5,2.833333333333333,0.3689939309056956
SE,furniture_decor,19,0.21052631578947367,2.3333333333333335,3.7333333333333334,1.4,0.28119883040935667
SE,garden_tools,17,0.23529411764705882,1.0,4.153846153846154,3.153846153846154,0.44180824894060194
SE,health_beauty,38,0.21052631578947367,2.5,4.566666666666666,2.0666666666666664,0.3360897034252297
SE,sports_leisure,29,0.06896551724137931,2.5,4.111111111111111,1.6111111111111107,0.18560892172961135
SE,telephony,26,0.15384615384615385,1.0,4.181818181818182,3.1818181818181817,0.3795226301476301
SE,watches_gifts,20,0.3,1.0,4.571428571428571,3.571428571428571,0.5273370181405896
SP,agro_industry_and_commerce,84,0.011904761904761904,5.0,4.156626506024097,0.0,0.014315476190476191
SP,air_conditioning,114,0.02631578947368421,1.5,4.245454545454545,2.745454545454545,0.24854451469583044
SP,art,91,0.13186813186813187,3.0,4.038461538461538,1.0384615384615383,0.19422008547008546
SP,arts_and_craftmanship,15,0.06666666666666667,1.0,4.285714285714286,3.2857142857142856,0.3173639455782313
SP,audio,138,0.06521739130434782,2.2222222222222223,4.2109375,1.9887152777777777,0.22052305738871636
SP,auto,1581,0.07210626185958255,2.9646017699115044,4.360902255639098,1.3963004857275934,0.2786377270907762
SP,baby,1139,0.06409130816505706,2.4305555555555554,4.389413988657845,1.9588584331022894,0.28673686903332085
SP,bed_bath_table,4335,0.050980392156862744,2.861111111111111,4.2032819005633115,1.3421707894522004,0.4486373235921849
SP,books_general_interest,209,0.06698564593301436,3.4285714285714284,4.608247422680412,1.1796759941089836,0.1618561313523913
SP,books_imported,32,0.03125,1.0,4.580645161290323,3.580645161290323,0.31391097030209936
SP,books_technical,108,0.12037037037037036,4.230769230769231,4.568421052631579,0.3376518218623481,0.1298873653149969
SP,christmas_supplies,44,0.022727272727272728,4.0,4.209302325581396,0.20930232558139572,0.03701464394778351
SP,cine_photo,27,0.037037037037037035,5.0,4.538461538461538,0.0,0.030462962962962963
SP,computers,49,0.08163265306122448,2.75,4.4,1.6500000000000004,0.20025651927437646
SP,computers_accessories,2611,0.05361930294906166,2.8633093525179856,4.198782961460446,1.3354736089424604,0.3304880637127605
SP,consoles_games,441,0.05895691609977324,3.3333333333333335,4.293689320388349,0.9603559870550158,0.15392032945864426
SP,construction_tools_construction,328,0.08841463414634146,3.0689655172413794,4.437710437710438,1.3687449204690583,0.202456249537305
SP,construction_tools_lights,108,0.09259259259259259,3.6,4.377551020408164,0.7775510204081635,0.1430141858330634
SP,construction_tools_safety,54,0.05555555555555555,3.3333333333333335,4.235294117647059,0.9019607843137254,0.11963176937441643
SP,cool_stuff,1279,0.0508209538702111,2.9047619047619047,4.392059553349876,1.4872976485879712,0.24794953049262292
SP,costruction_tools_garden,77,0.05194805194805195,3.0,4.561643835616438,1.5616438356164384,0.17135323390460377
SP,costruction_tools_tools,32,0.03125,,4.645161290322581,0.0,0.026180555555555558
SP,diapers_and_hygiene,18,0.05555555555555555,5.0,3.823529411764706,0.0,0.04465277777777778
SP,drinks,163,0.0736196319018405,2.3333333333333335,4.417218543046357,2.083885209713024,0.2366285447940467
SP,dvds_blu_ray,19,0.05263157894736842,2.0,4.444444444444445,2.4444444444444446,0.23881161236424392
SP,electronics,927,0.05070118662351672,3.5106382978723403,4.323428571428572,0.8127902735562316,0.16920778675720102
SP,fashio_female_clothing,18,0.05555555555555555,2.0,4.0,2.0,0.2053670634920635
SP,fashion_bags_accessories,760,0.04736842105263158,3.1666666666666665,4.377777777777778,1.2111111111111117,0.18695227652464497
SP,fashion_male_clothing,47,0.0425531914893617,3.0,3.933333333333333,0.9333333333333331,0.11126477541371156
SP,fashion_shoes,81,0.024691358024691357,4.0,4.291139240506329,0.2911392405063289,0.04773153729377356
SP,fashion_underwear_beach,52,0.057692307692307696,2.3333333333333335,4.571428571428571,2.2380952380952377,0.22857022937380078
SP,fixed_telephony,95,0.042105263157894736,1.0,4.153846153846154,3.153846153846154,0.29267383201593733
SP,food,243,0.09465020576131687,3.5652173913043477,4.4495412844036695,0.8843238930993218,0.16261523935215377
SP,food_drink,106,0.018867924528301886,4.5,4.615384615384615,0.11538461538461497,0.030685762089063942
SP,furniture_bedroom,42,0.07142857142857142,2.3333333333333335,4.564102564102564,2.2307692307692304,0.23827609890109883
SP,furniture_decor,2625,0.057523809523809526,2.642384105960265,4.2686202686202686,1.6262361626600037,0.35794873926136933
SP,furniture_living_room,153,0.06535947712418301,2.6,4.212765957446808,1.612765957446808,0.19146817947036968
SP,furniture_mattress_and_upholstery,21,0.09523809523809523,3.0,4.157894736842105,1.1578947368421053,0.16965225563909775
SP,garden_tools,1230,0.04552845528455285,3.4,4.388507718696398,0.9885077186963982,0.2002314201943171
SP,health_beauty,3700,0.07081081081081081,3.125,4.415766423357664,1.2907664233576641,0.41627372830338155
SP,home_appliances,339,0.06489675516224189,3.1363636363636362,4.390476190476191,1.2541125541125546,0.17519430579955234
SP,home_appliances_2,85,0.03529411764705882,2.3333333333333335,4.2439024390243905,1.910569105691057,0.1866242797932181
SP,home_confort,161,0.07453416149068323,2.25,4.121621621621622,1.871621621621622,0.22016438410460154
SP,home_construction,193,0.07772020725388601,2.8666666666666667,4.140449438202247,1.2737827715355805,0.1768948210554719
SP,housewares,2693,0.060898626067582624,2.8867924528301887,4.3694874851013115,1.4826950322711228,0.35383625959807496
SP,industry_commerce_and_business,113,0.061946902654867256,3.5714285714285716,4.377358490566038,0.805929919137466,0.1211253033244243
SP,kitchen_dining_laundry_garden_furniture,115,0.02608695652173913,1.6666666666666667,4.27027027027027,2.603603603603603,0.23703215637998243
SP,luggage_accessories,414,0.036231884057971016,3.4,4.492462311557789,1.0924623115577892,0.1444809906156039
SP,market_place,98,0.05102040816326531,2.8,4.129032258064516,1.3290322580645162,0.1533774504425426
SP,musical_instruments,244,0.06557377049180328,2.5625,4.446902654867257,1.884402654867257,0.21978700750876784
SP,office_furniture,498,0.09437751004016064,3.108695652173913,3.762863534675615,0.6541678825017021,0.1616107366855391
SP,party_supplies,16,0.0,,4.4375,0.0,6.944444444444444e-05
SP,perfumery,1326,0.06259426847662142,2.710843373493976,4.4090177133655395,1.6981743398715636,0.2775775194733573
SP,pet_shop,757,0.03963011889035667,2.892857142857143,4.427385892116183,1.53452874925904,0.20654221881266455
SP,signaling_and_security,64,0.078125,2.8,4.203389830508475,1.403389830508475,0.17867517487220883
SP,small_appliances,267,0.0449438202247191,3.4166666666666665,4.359683794466403,0.9430171277997368,0.12923321823511125
SP,small_appliances_home_oven_and_coffee,32,0.03125,1.0,4.354838709677419,3.354838709677419,0.29576580901177674
SP,sports_leisure,3195,0.05727699530516432,2.8,4.4180847514180845,1.6180847514180847,0.3966795971021323
SP,stationery,953,0.05771248688352571,3.3333333333333335,4.51063829787234,1.1773049645390068,0.20591374161759393
SP,tablets_printing_image,29,0.06896551724137931,4.0,4.518518518518518,0.5185185185185182,0.0978113026819923
SP,telephony,1479,0.0581473968897904,2.9186046511627906,4.207642393655371,1.2890377424925807,0.25176797420022423
SP,toys,1551,0.05738233397807866,2.9058823529411764,4.3804272915230875,1.4745449385819112,0.27106275212803316
SP,watches_gifts,2074,0.05834136933461909,2.487603305785124,4.317901234567901,1.8302979287827772,0.3367367187131367
TO,auto,16,0.0625,5.0,4.333333333333333,0.0,0.050069444444444444
TO,computers_accessories,18,0.2222222222222222,5.0,4.214285714285714,0.0,0.17798611111111112
TO,cool_stuff,16,0.0,,4.375,0.0,6.944444444444444e-05
TO,health_beauty,29,0.2413793103448276,2.142857142857143,4.409090909090909,2.2662337662337664,0.3761837409990119
TO,sports_leisure,23,0.13043478260869565,3.6666666666666665,4.05,0.3833333333333333,0.13570695307108352
TO,telephony,20,0.15,3.3333333333333335,3.823529411764706,0.4901960784313726,0.15973797852474322
TO,watches_gifts,26,0.15384615384615385,2.75,4.363636363636363,1.6136363636363633,0.25350801975801973
